мЮХЛЕМНБЮМХЕ;ЮДПЕЯ;ХММ;ЙОО;НЙБЩД
жемрп мегюбхяхлни нжемйх спюкебпнюгхъ;жемрп мегюбхяхлни нжемйх спюкебпнюгхъ;6625049770;662501001;68.31
спюкэяйюъ оюкюрю нжемйх х медбхфхлнярх;спюкэяйюъ оюкюрю нжемйх х медбхфхлнярх;6671044550;667101001;82.99
спюкэяйюъ оюкюрю нжемйх;спюкэяйюъ оюкюрю нжемйх;6670003424;667001001;68.31.5
юсдщйя;юсдщйя;1660080759;165501001;69.10
юсдхрнпяйн-йнмяюкрхмцнбюъ йнлоюмхъ юсдщйя;юсдхрнпяйн-йнмяюкрхмцнбюъ йнлоюмхъ юсдщйя;1655301258;165501001;69.20
юсдхрнпяйн-йнмяюкрхмцнбюъ тхплю юсдщйя;юсдхрнпяйн-йнмяюкрхмцнбюъ тхплю юсдщйя;1655301240;165501001;69.20
юсдщйя цпсоо;юсдщйя цпсоо;2540167167;254001001;71.1
юсдщйя цпсоо;юсдщйя цпсоо;6686078954;668601001;52.29
яоежхюкхгхпнбюммне накюярмне цнясдюпярбеммне смхрюпмне опедопхърхе накюярмни цнясдюпярбеммши жемрп реумхвеяйни хмбемрюпхгюжхх х пецхярпюжхх медбхфхлнярх ябепдкнбяйни накюярх;яоежхюкхгхпнбюммне накюярмне цнясдюпярбеммне смхрюпмне опедопхърхе накюярмни цнясдюпярбеммши жемрп реумхвеяйни хмбемрюпхгюжхх х пецхярпюжхх медбхфхлнярх ябепдкнбяйни накюярх;6661077229;667101001;71.12.7
юцемрярбн мегюбхяхлни нжемйх хмрецпюк-оюпрмеп;юцемрярбн мегюбхяхлни нжемйх хмрецпюк-оюпрмеп;6612037713;661201001;70.22
спюкэяйхи жемрп нжемйх ахгмеяю х йнмяюкрхмцю;спюкэяйхи жемрп нжемйх ахгмеяю х йнмяюкрхмцю;5905222168;590201001;70.22
спюкэяйхи жемрп нжемйх х тхмюмянбнцн йнмяюкрхмцю;спюкэяйхи жемрп нжемйх х тхмюмянбнцн йнмяюкрхмцю;6671273857;667101001;68.31.5
спюкэяйхи жемрп тхмюмянбнцн йнмяюкрхмцю х нжемйх;спюкэяйхи жемрп тхмюмянбнцн йнмяюкрхмцю х нжемйх;7453234137;745301001;68.3
спюкэяйхи жемрп нжемйх х чпхдхвеяйнцн йнмяюкрхмцю;спюкэяйхи жемрп нжемйх х чпхдхвеяйнцн йнмяюкрхмцю;6625034558;662501001;68.31.5
спюкэяйхи жемрп нжемйх х йнмяюкрхмцю;спюкэяйхи жемрп нжемйх х йнмяюкрхмцю;6671336514;667101001;70.3
пняярщо;пняярщо;6629027110;668201001;47.73
жемрпюкэмне ачпн ясдеамни щйяоепрхгш х нжемйх;жемрпюкэмне ачпн ясдеамни щйяоепрхгш х нжемйх;6167131668;616701001;68.31.5
жемрпюкэмне ачпн нжемйх х щйяоепрхгш;жемрпюкэмне ачпн нжемйх х щйяоепрхгш;4217146274;421701001;45.20
жемрпюкэмне ачпн щйяоепрхгш х нжемйх;жемрпюкэмне ачпн щйяоепрхгш х нжемйх;6672157973;773101001;82.99
цсо нпемаспцяйни накюярх накюярмни жемрп хмбемрюпхгюжхх х нжемйх медбхфхлнярх;цсо нпемаспцяйни накюярх накюярмни жемрп хмбемрюпхгюжхх х нжемйх медбхфхлнярх;5610003957;561001001;68.32
оепбхвмюъ опнтянчгмюъ нпцюмхгюжхъ цсо нпемаспцяйни накюярх накюярмни жемрп хмбемрюпхгюжхх х нжемйх медбхфхлнярх нпемаспцяйнцн пецхнмюкэмнцн нрдекемхъ наыепняяхияйнцн опнтянчгю пюанвху леярмни опнлшькеммнярх х йнллсмюкэмн-ашрнбшу опедопхърхи - (опнтянчг фхгменаеяоевемхъ);оепбхвмюъ опнтянчгмюъ нпцюмхгюжхъ цсо нпемаспцяйни накюярх накюярмни жемрп хмбемрюпхгюжхх х нжемйх медбхфхлнярх нпемаспцяйнцн пецхнмюкэмнцн нрдекемхъ наыепняяхияйнцн опнтянчгю пюанвху леярмни опнлшькеммнярх х йнллсмюкэмн-ашрнбшу опедопхърхи - (опнтянчг фхгменаеяоевемхъ);5610065488;561001001;94.20
нжемйю медбхфхлнярх, юбрнрпюмяонпрю х ахгмеяю;нжемйю медбхфхлнярх, юбрнрпюмяонпрю х ахгмеяю;5032309930;503201001;68.31.51
нжемйю медбхфхлнярх х ахгмеяю;нжемйю медбхфхлнярх х ахгмеяю;6658168941;667101001;68.31.52
нжемйю медбхфхлнярх х ахгмеяю спюкю;нжемйю медбхфхлнярх х ахгмеяю спюкю;6678093807;667801001;68.31.51
нжемйю медбхфхлнярх х ахгмеяю;нжемйю медбхфхлнярх х ахгмеяю;5190131664;519001001;82.99
цпюмд пеюк;цпюмд пеюк;2447009656;244701001;41.20
цпюмд пеюк;цпюмд пеюк;7709524127;770901001;68.31.5
цпюмд-пеюк;цпюмд-пеюк;7702376039;770201001;47.99
цпюмд пеюк;цпюмд пеюк;5003066601;775101001;68.1
цпюмд пеюк;цпюмд пеюк;6674184235;667901001;68.20.2
пеюк-цпюмд;пеюк-цпюмд;3808137315;380801001;68.31
пеюк-цпюмд;пеюк-цпюмд;7728624857;772701001;56.10
пеюк цпюмд;пеюк цпюмд;7714331025;771401001;46.90
цпюмд пеюк;цпюмд пеюк;3810072626;381001001;56.10
цпюмд-пеюк;цпюмд-пеюк;9111022246;911101001;49.31.21
дсакэ-цен;дсакэ-цен;6660048793;667001001;71.12.4
рчлемяйюъ медбхфхлнярэ;рчлемяйюъ медбхфхлнярэ;7202001144;720301001;68.31.5
ярпнхрекэярбн, хмбеярхжхх, медбхфхлнярэ;ярпнхрекэярбн, хмбеярхжхх, медбхфхлнярэ;7204125610;720401001;70.3
едя цпсоо. нжемйю х юсйжхнмш;едя цпсоо. нжемйю х юсйжхнмш;7842099272;784201001;69.10
нжемйю ахгмея йнмяюкрхмц - цпсоо;нжемйю ахгмея йнмяюкрхмц - цпсоо;7451289395;745101001;68.31.52
нжемйю цпсоо;нжемйю цпсоо;6670413759;668501001;66.21
нжемйю-цпсоо;нжемйю-цпсоо;1657089871;165701001;68.31.51
йнмяск цпсоо-нжемйю;йнмяск цпсоо-нжемйю;7723848236;772301001;82.99
йнмяск цпсоо-нжемйю;йнмяск цпсоо-нжемйю;7704429416;772201001;74.90
нжемйю йюдюярп цпсоо;нжемйю йюдюярп цпсоо;7716748992;771001001;68.32
нжемйю ахгмея йнмяюкрхмц - цпсоо;нжемйю ахгмея йнмяюкрхмц - цпсоо;7451300480;745101001;67.13.4
щкхр цпсоо-нжемйю;щкхр цпсоо-нжемйю;6154114707;615401001;74.14
нжемйю х йнмяюкрхмц цпсоо;нжемйю х йнмяюкрхмц цпсоо;7728178899;772801001;
йнмяскэрюжхнммн-юмюкхрхвеяйхи жемрп пняяхияйхи ярюмдюпр;йнмяскэрюжхнммн-юмюкхрхвеяйхи жемрп пняяхияйхи ярюмдюпр;6661063554;667101001;68.31.51
